fecha_captura,sku,familia,medida,clasificacion,titulo,precio,moneda,unidades_kit,precio_unitario,vendidos,posicion,link
2026-07-05,ACC-02,accesorio,"TAZA RUEDA KWID 14""",equivalente,Taza Rueda Renault Kwid Outsider 23/ Rodado14 Negro Brillo,454.9,UYU,1,454.9,4,1,https://www.mercadolibre.com.uy/taza-rueda-renault--kwid-outsider-23-rodado14--negro-brillo/up/MLUU4139581250#polycard_client=search-desktop&be_origin=backend&search_layout=grid&position=1&type=product&tracking_id=ac9a72b3-f713-4016-8b8b-f27e0d8d6799&wid=MLU695632173&sid=search
2026-07-05,ACC-02,accesorio,"TAZA RUEDA KWID 14""",equivalente,Tazas Tasa Renault Kwid 2018/20 X4 El Juego Negras,2488.0,UYU,1,2488.0,4,2,https://www.mercadolibre.com.uy/tazas-tasa-renault-kwid-201820-x4-el-juego-negras/up/MLUU3889320107#polycard_client=search-desktop&be_origin=backend&search_layout=grid&position=2&type=product&tracking_id=ac9a72b3-f713-4016-8b8b-f27e0d8d6799&wid=MLU1300578580&sid=search
2026-07-05,ACC-02,accesorio,"TAZA RUEDA KWID 14""",equivalente,Taza Rueda Renault Kwid Para Tornillo R14 2020,500.0,UYU,1,500.0,5,3,https://www.mercadolibre.com.uy/taza-rueda-renault-kwid-para-tornillo-r14-2020/up/MLUU3217233204#polycard_client=search-desktop&be_origin=backend&search_layout=grid&position=3&type=product&float_highlight=last_units&tracking_id=ac9a72b3-f713-4016-8b8b-f27e0d8d6799&wid=MLU738364088&sid=search
2026-07-05,ACC-02,accesorio,"TAZA RUEDA KWID 14""",equivalente,Taza De Rueda Rodado 14 Renault Kwid 2017/..,250.08,UYU,1,250.08,,4,https://www.mercadolibre.com.uy/taza-de-rueda-rodado-14-renault-kwid-2017/up/MLUU3908362335#polycard_client=search-desktop&be_origin=backend&search_layout=grid&position=4&type=product&float_highlight=last_unit&tracking_id=ac9a72b3-f713-4016-8b8b-f27e0d8d6799&wid=MLU1329474256&sid=search
2026-07-05,ACC-02,accesorio,"TAZA RUEDA KWID 14""",equivalente,Tazas De Rueda Lgr0081 Rodado 14 Juego 4 Piezas,1173.0,UYU,1,1173.0,,5,https://click1.mercadolibre.com.uy/mclics/clicks/external/MLU/count?a=HoqG2XTO%2FWbuu2SyVqPN%2BcWiXnobttNvlwT%2B%2BsyDIKxKxCsmSTIrPUPa2w3SHQUkKBPe23OqSpQcNrtTLrEgKdV9xGaaY2Ti5kz71Cqm1l9oYQ9AEudG%2FtnfqQ1qV3KhEbdMNNJageylI62YUo%2BDuv3gy5urG1wZ791HGWKcZg5EVIyfByij2hXK5PSOkTOECqTnAj1Pjc2JHix6iK5HlrPdEprovBXjSa6DBlUNpMgc55CcwSyTg9dMwZh1pt6TtJDFWCYNhAAT1uXXUJiezM2MLKr0ahAAI6xxTUMeFDWhA20r3i9p6SC7mUksibwLkheaClZVhVAd2yMWTBXmwe1NG8oxnH9%2Fjd%2Fe5JxsRp78LTM2r1%2Fescuav8EotGNbtFLl%2BupnUW9YnChBpS7dN8T6DnSqcC4LB0FizRHgceDtIsStRshoovwgNMZvZUFLDTQ%2Bb0Rpmd0e9yLHaW3VgOYKKKRURMrt%2B0d%2Ff%2FFHz6za0loP6wgcpL5wMvCihBsSo5H7VkY0GiV2ySu2du7hmhdahdWLPqAjHHx1JGvssBlvniRi5k15%2Fc0vDo9alrJVi4pcUgCX63RMMFQkO8y%2F4qNhE%2Br9W0nAY341OHToCrNT5ZfvSEok9jNGdzRuhuHBKV7ecROqwtbVdM0xSSUsi0M4%2F17Nuk1dk%2B0jjVPqncK5gMetq%2BDIHin9jNRzRyt3Q0j7qwafy%2FXNHQgbI%2FlXhx0rSh5LB4tqYgKzxR1chwstUeRnpfEZnWO69wHZzCI8lmp8u95GFlnsvIrIiRhOqxuf8peHATrMqLVBOEPOUgAMgxJTmoDAd6FQsRiFqAnCh5E0%2Fcihb%2BB6RlrVg%2BMjJN3dClsmUF7GXsIBQwZTsLP4vzHZ6vDqFwITblLzVRJyDeFcsnioawBe4hWr74VWOYVQeABAZJvR2bCwcoXorThU6POMkYloIqOpJ6pbg28jl2UcxsWBC%2FbZALqzHb1Dsv4mRLqtoOsRMYw%3D&pdp_filters=item_id%3AMLU479194772#polycard_client=search-desktop&is_advertising=true&searchVariation=MLUU2439638354&backend_model=search-backend&float_highlight=last_units&be_origin=backend&search_layout=grid&position=5&type=pad&tracking_id=ac9a72b3-f713-4016-8b8b-f27e0d8d6799&wid=MLU479194772&sid=search
2026-07-05,ACC-02,accesorio,"TAZA RUEDA KWID 14""",equivalente,Kit De 4 Tazas Universal Rodado 14 - 8 Rayos,1216.0,UYU,1,1216.0,,6,https://click1.mercadolibre.com.uy/mclics/clicks/external/MLU/count?a=EtNgZ4bArRGkMEySD%2FGovqWef7G2txCoAWQqaCgWNrAfMOisVi21u9imI464gidoJs5uR6gmfkMQ1dCqMxDiMkZl0glYFIA9c7Jo8kXlcnXLlCJE18aKMkrf33b9907Dk2DRvL9yyoJ%2BXXpsR3IEo1z385ohAS4lqtFTTFnKWWBo3eWlOsC1wrKDYsU%2FBw8hzcir7IHq5P1FGOP0uX%2BDwngxLnnyxFJhTL7KeoyDMfTZKBl8ihYdzqo39dZFyfkvw1Zsujom9TqgRtvJ3vNTtsidGqjnasAxUaIg05tIzSxV2NT203vo9wNVZHUB3iO29uv0jhx9tD%2Fokxq8Priwx8rRaLZL577xhRTGTVThU6WJWNNRANUVYXFIKQSCayigmWBNIQx4kMsS6ZbbxnyzLtcudpUjn0FlTkS%2FVFnYIW4j%2BP6XRJjc6bdH7RJlSrixlf8VmXFwGAO%2BX807EDGZPfaoAJI2r%2BBZttrp9pLPJU0PJyHdE8%2BVvJdp3mwZrWgU3nya1loI0y%2B3htSq5oXPmNkD4dgYern5u94l2oXxJKLjqkd6a%2BVw4%2FGZ3edxHjxnZ0drIBJC8QyS2Yt8E7LkzT%2FrFjA1JCcxdfgWobIx0tyfzXGGOR3XYa8n3KOc7Mx5pDVj%2BX6c1I8kSA3bFFpz4n64AcpHBRKZ2C2r7pycaXLTi85kSBGxGwyPGO1jr7pwcYYxvOdkFH%2B2P1FLfG2U8TZsgMTthxl77Z5PFl91IJFbgKkSTU9jmB5KhCthaJFcKlFdHCvsj2sH3EmyI6INQWDWY6mnBptBSP%2FkYlUEYzX6U4Ml50kbynKt0lattaHiBwfbsri6lxWoFPARcleSkTn42o70oEDiD6inI5ggvAJLgwe%2BIJyx1rqLG86XKRo%2BkKyOoN9kiaiHAZ6h%2BxoV%2BfgUUQ0wQj8VvTD%2Fnjp0OXQlrksh7y%2BIPg7zdhUbXiIY1I9j7S3J%2FuMLOgaPdyFE%2BirGKYuiVA%3D%3D&pdp_filters=item_id%3AMLU668977612#polycard_client=search-desktop&is_advertising=true&searchVariation=MLUU3432635538&backend_model=search-backend&be_origin=backend&search_layout=grid&position=6&type=pad&tracking_id=ac9a72b3-f713-4016-8b8b-f27e0d8d6799&wid=MLU668977612&sid=search
2026-07-05,ACC-02,accesorio,"TAZA RUEDA KWID 14""",equivalente,Taza De Rueda Byd F0 R14 Nueva,424.0,UYU,1,424.0,,7,https://click1.mercadolibre.com.uy/mclics/clicks/external/MLU/count?a=Jh%2FNXvi2uHc5XTbqnDDDtUHsR1CY8NafvFZa4u2MfDanb1pWKUBIPKEeDcZmGJtJSrXtGWYLzCMOxvncQaHBMpL%2BlRoTxEVjyUE0NGUyMejAeZLfCCCsPaa9WRuzhMNJQIpuTqHp%2B%2B39N6QdwlOBQK0xBM54l1qQP6rkzynSLPQ6ueRWnDCQTgYkaSEWVgslFYQp%2BfJg0HsAguaVBnz0N9daPXj8e%2FiBVO2Mulycac3DFNsocC2LjSm1%2FW%2Fw4ReNkFNE8IDSoR57%2FR%2B6C9AUPp1aZbH7KXsxB6XvhhODGqlzMP7mbdJCccmHrJ1WRBvOTOeJe6yxpwRV6vn3TIMWaqo382ut9PMiW5QyEZYBUq73u4spZCseE%2Fa%2BzPvGzoUNiZIt2Njump%2FXSYvWDhrCrTOwsWXyWo1YUT9iEFD6Dcts7j4GTSW7Aw2xZOBxeG969qiQfpz9lTWCTjP8FRVgAq85w%2BP1ukrNpoOEpOjOQXCDGO7GEqUNt1q%2BGR76BHAORSiNikPZOYs1rC2NxQnEhLu8x6BudMyAgDyS2GwCsDx9b40mUaL4BD5UYw%2BO2IEFWf7rGFvbCfjDH3eMMJB%2BXd4EIEcydDNEZ1W7vX%2BnEhlM00TqRem7dr229pAzOwUxU3IfKomXFEmaUsffCvELtNQ4s847ogUr26y7Ok5F8gqv4iFDS73ZszleqsabfvTd6H7ByMqkeyKAF9kx%2Ff4YiQDb3FY%2BUqicxUPOCcCFdWKkYhAIkfUS1N39R68maqmQaM1cuTgX3BuuNs7%2BLKvCsal7S1VpZbL0sp1ao9702KvWP2aoGRL2gquHdXXBV0eHKPjJEmGgnFD8RvQtpIoAN3X9hKziRVDWKhtih1uBxJOJjBAciIgI9yNIM%2B61Z%2B22gN1H16%2B9X5DNNW3wU5z4w32Wb0YoV3vGLXw3KC%2BSpVsLUNJbsaLwQaC%2Bq3GgeVjE35G4GYMqzUl8Vg%3D%3D&pdp_filters=item_id%3AMLU460287052#polycard_client=search-desktop&is_advertising=true&searchVariation=MLUU2434275019&backend_model=search-backend&be_origin=backend&search_layout=grid&position=7&type=pad&tracking_id=ac9a72b3-f713-4016-8b8b-f27e0d8d6799&wid=MLU460287052&sid=search
2026-07-05,ACC-02,accesorio,"TAZA RUEDA KWID 14""",equivalente,Tazas De Rueda Tsport02 Rodado 14 Juego 4 Piezas,1173.0,UYU,1,1173.0,,8,https://click1.mercadolibre.com.uy/mclics/clicks/external/MLU/count?a=K79PMomrr3AMlKzmhxOGfxdvH%2F2MISFBUFOcWHy1tYMZ5D04HqcLkNvfIDg9ZyQGc0uZWthV7fHrwuBdvp6S0b0WrlmK32E1tTiiM0BUYvC%2BYJRTmOJq7TvSW25gJdunGmHCDc72WLw4BmjkcTJfl9Le9SHKTHZf55o7nzHTBYhAdupwyliJcgW0ZmsjmNLd5W0%2BN%2FboxYpW7g0CI9fx97prZN6JE%2BKpiK55r1VyWq7jv8QocRdW8VqpMuVqg8xSf1W5YR2KVIFudBC9gvZk4ViqCwV9iZLLyFO3zmmMwUZGS%2BC7MM8gBamboxt2hefs7%2Bh9IHIlK97eIuYvkzI%2F%2FN7eB4Hi%2BEPAbr6YRn3KIwoS1j%2B7NAH%2FaDvwtYL7ixwejfVVrLAL1AWIADEf%2FjyxImoYqgGHS7r6JWMFMHMP9z%2BVR0M6WD0v7xAtR7ELORWviZwjnFUI0ryEnFx3E0SL9othW2T25y%2BEoe5FTSl1VmlXBBoO1jeDxjkncAoJjrJ8Rzl%2B7DRYOt3TNxsXzh51JYi1UL9uwcbMd04Ufj8AO%2ByRuFkM%2B8FJ8fW8IQiGVvWRK1ENxdU%2FETt1Bflzp2x4L19sKXNnQAPqEjTqoMM16726KgjUWKl62Awx1G3NbvGrNs5D6ONUhyTDZwMd7BBm6PAXBCyn0nryIxPQwmb5lFTgJuvW%2Bb5IS6MJ0PxN%2FNMxwEgu2%2BJdNMPfk%2FqDl36N4JJsrQbVEKc%2BNgzuchshkr1dEoXEwDkFRY6nXtUwE9evP%2FsyCCAZk%2BJno0%2B4bH8676F6LcjUYEGos55HMkehErk7XqkKrFgbN4qlPWpftbWnFzmtrohuDDI5YIOsUuKa4XzY%2BQrinMY2nhwv7Yv3a68DcyfrppiBPvMEww2sfXp1St4QRgR5ODMPh6xYkHSTwI%2FdxSnZT5C6TcWWjHNsfnVv6rIXKAU2y4D%2BkOo2zOPunYAHVLJjgMjDZ3IJhcppOecpFpGYF3LW%2BBIxYWg%3D&pdp_filters=item_id%3AMLU479194764#polycard_client=search-desktop&is_advertising=true&searchVariation=MLUU2439635904&backend_model=search-backend&be_origin=backend&search_layout=grid&position=8&type=pad&tracking_id=ac9a72b3-f713-4016-8b8b-f27e0d8d6799&wid=MLU479194764&sid=search
2026-07-05,ACC-02,accesorio,"TAZA RUEDA KWID 14""",equivalente,Taza Rueda Renault Kwid 18/20 Rodado 14 Fume,454.9,UYU,1,454.9,,9,https://www.mercadolibre.com.uy/taza-rueda-renault--kwid-1820-rodado-14--fume/up/MLUU4123441459#polycard_client=search-desktop&be_origin=backend&search_layout=grid&position=9&type=product&tracking_id=ac9a72b3-f713-4016-8b8b-f27e0d8d6799&wid=MLU695657857&sid=search
2026-07-05,ACC-02,accesorio,"TAZA RUEDA KWID 14""",equivalente,Taza De Rueda Renault Kwid 14 Vision Ad,626.0,UYU,1,626.0,,10,https://www.mercadolibre.com.uy/taza-de-rueda-renault-kwid-14--vision-ad/up/MLUU2442638959#polycard_client=search-desktop&be_origin=backend&search_layout=grid&position=10&type=product&tracking_id=ac9a72b3-f713-4016-8b8b-f27e0d8d6799&wid=MLU692554914&sid=search
2026-07-05,ACC-02,accesorio,"TAZA RUEDA KWID 14""",equivalente,Taza De Rueda Renault Kwid 14 Negra Brillante,626.0,UYU,1,626.0,,11,https://www.mercadolibre.com.uy/taza-de-rueda-renault-kwid-14--negra-brillante/up/MLUU2442638735#polycard_client=search-desktop&be_origin=backend&search_layout=grid&position=11&type=product&float_highlight=last_units&tracking_id=ac9a72b3-f713-4016-8b8b-f27e0d8d6799&wid=MLU692554786&sid=search
2026-07-05,ACC-02,accesorio,"TAZA RUEDA KWID 14""",equivalente,Taza De Rueda Renault Kwid R14 Floriano Original,1156.0,UYU,1,1156.0,,12,https://www.mercadolibre.com.uy/taza-de-rueda-renault-kwid-r14-floriano-original/up/MLUU2447352742#polycard_client=search-desktop&be_origin=backend&search_layout=grid&position=12&type=product&tracking_id=ac9a72b3-f713-4016-8b8b-f27e0d8d6799&wid=MLU692594046&sid=search
2026-07-05,ACC-02,accesorio,"TAZA RUEDA KWID 14""",equivalente,Taza Rueda Renault Kwid Outsider 2023/.. 14 Grafito,454.9,UYU,1,454.9,,13,https://www.mercadolibre.com.uy/taza-rueda-renault--kwid-outsider-2023-14--grafito/up/MLUU4139580886#polycard_client=search-desktop&be_origin=backend&search_layout=grid&position=13&type=product&tracking_id=ac9a72b3-f713-4016-8b8b-f27e0d8d6799&wid=MLU695644995&sid=search
2026-07-05,ACC-02,accesorio,"TAZA RUEDA KWID 14""",equivalente,Taza Rueda Renault Kwid 18/20 Rodado 14 Grafito,454.9,UYU,1,454.9,,14,https://www.mercadolibre.com.uy/taza-rueda-renault--kwid-1820-rodado-14--grafito/up/MLUU4222957160#polycard_client=search-desktop&be_origin=backend&search_layout=grid&position=14&type=product&tracking_id=ac9a72b3-f713-4016-8b8b-f27e0d8d6799&wid=MLU696263833&sid=search
2026-07-05,ACC-02,accesorio,"TAZA RUEDA KWID 14""",equivalente,Taza De Rueda Rodado 14 Renault Kwid 2017/.. Varios,250.08,UYU,1,250.08,,15,https://www.mercadolibre.com.uy/taza-de-rueda-rodado-14-renault-kwid-2017-varios/up/MLUU3942984324#polycard_client=search-desktop&be_origin=backend&search_layout=grid&position=15&type=product&tracking_id=ac9a72b3-f713-4016-8b8b-f27e0d8d6799&wid=MLU690829759&sid=search
2026-07-05,ACC-02,accesorio,"TAZA RUEDA KWID 14""",equivalente,Taza Renault Kwid Taza Llanta Kwid R14 C/u,425.0,UYU,1,425.0,,16,https://www.mercadolibre.com.uy/taza-renault-kwid-taza-llanta-kwid-r14-cu/up/MLUU2439263020#polycard_client=search-desktop&be_origin=backend&search_layout=grid&position=16&type=product&tracking_id=ac9a72b3-f713-4016-8b8b-f27e0d8d6799&wid=MLU464161270&sid=search
2026-07-05,ACC-02,accesorio,"TAZA RUEDA KWID 14""",equivalente,Taza Renault Kwid Outsider Taza Kwid Negro Combinado,690.0,UYU,1,690.0,,17,https://articulo.mercadolibre.com.uy/MLU-730524674-taza-renault-kwid-outsider-taza-kwid-negro-combinado-_JM?searchVariation=187924650533#polycard_client=search-desktop&be_origin=backend&searchVariation=187924650533&search_layout=grid&position=17&type=item&tracking_id=ac9a72b3-f713-4016-8b8b-f27e0d8d6799&sid=search
2026-07-05,ACC-02,accesorio,"TAZA RUEDA KWID 14""",equivalente,Taza De Rueda Renault Kwid,1906.0,UYU,1,1906.0,,18,https://www.mercadolibre.com.uy/taza-de-rueda-renault-kwid/up/MLUU2435694701#polycard_client=search-desktop&be_origin=backend&search_layout=grid&position=18&type=product&tracking_id=ac9a72b3-f713-4016-8b8b-f27e0d8d6799&wid=MLU479970336&sid=search
2026-07-05,ACC-02,accesorio,"TAZA RUEDA KWID 14""",equivalente,Taza Rueda Renault Kwid,1126.0,UYU,1,1126.0,,19,https://www.mercadolibre.com.uy/taza-rueda-renault-kwid/up/MLUU2435693013#polycard_client=search-desktop&be_origin=backend&search_layout=grid&position=19&type=product&tracking_id=ac9a72b3-f713-4016-8b8b-f27e0d8d6799&wid=MLU481204813&sid=search
2026-07-05,ACC-02,accesorio,"TAZA RUEDA KWID 14""",equivalente,Taza De Rueda R14 Renault Kwid Gris Orig,1900.0,UYU,1,1900.0,,20,https://www.mercadolibre.com.uy/taza-de-rueda-r14-renault-kwid-gris-orig/up/MLUU3572817173#polycard_client=search-desktop&be_origin=backend&search_layout=grid&position=20&type=product&tracking_id=ac9a72b3-f713-4016-8b8b-f27e0d8d6799&wid=MLU958076018&sid=search
2026-07-05,ACC-02,accesorio,"TAZA RUEDA KWID 14""",equivalente,Taza Renault Kwid Original 14,1935.0,UYU,1,1935.0,,21,https://www.mercadolibre.com.uy/taza-renault-kwid-original-14/up/MLUU2445820778#polycard_client=search-desktop&be_origin=backend&search_layout=grid&position=21&type=product&float_highlight=last_units&tracking_id=ac9a72b3-f713-4016-8b8b-f27e0d8d6799&wid=MLU681074600&sid=search
2026-07-05,ACC-02,accesorio,"TAZA RUEDA KWID 14""",equivalente,Tazas De Rueda Renault Kwid Argentinas Juego De 2,1547.0,UYU,1,1547.0,,23,https://www.mercadolibre.com.uy/tazas-de-rueda-renault-kwid-argentinas-juego-de-2/up/MLUU2435116389#polycard_client=search-desktop&be_origin=backend&search_layout=grid&position=23&type=product&tracking_id=ac9a72b3-f713-4016-8b8b-f27e0d8d6799&wid=MLU468067348&sid=search
2026-07-05,ACC-02,accesorio,"TAZA RUEDA KWID 14""",equivalente,Taza De Rueda Renault Kwid Retov,700.0,UYU,1,700.0,,24,https://www.mercadolibre.com.uy/taza-de-rueda-renault-kwid-retov/up/MLUU2447352888#polycard_client=search-desktop&be_origin=backend&search_layout=grid&position=24&type=product&tracking_id=ac9a72b3-f713-4016-8b8b-f27e0d8d6799&wid=MLU692502952&sid=search
2026-07-05,ACC-02,accesorio,"TAZA RUEDA KWID 14""",equivalente,Taza Renault Kwid Original,980.0,UYU,1,980.0,,25,https://www.mercadolibre.com.uy/taza-renault-kwid-original/up/MLUU2446480504#polycard_client=search-desktop&be_origin=backend&search_layout=grid&position=25&type=product&tracking_id=ac9a72b3-f713-4016-8b8b-f27e0d8d6799&wid=MLU687874568&sid=search
2026-07-05,NEU-5868,neumatico,175/70R13,equivalente,Neumatico 175/70 R13 Winrun - Cubierta,1658.0,UYU,1,1658.0,,1,https://click1.mercadolibre.com.uy/mclics/clicks/external/MLU/count?a=HktymqCAPnXv1beBzRxe0Zn9fs7jtJsij9pSY4x8t8dkXZuN2hvau16VN8KGB7TNVL9GC1Q1a%2FkDQX37I9vrR37i%2BIpB%2BseVlvWCjGbIg%2BdVdMaBIGAop1B3Z05LPTXRkyzlNLQTgrZElSGme292%2FrwLwBc7N6X%2Bqz7TIFSTQfklAl85FXOJqsYcF2FJpP1odR5Yvo9auo3TmzQKED4Mm2UE%2BflCH95lhEP5RSZuAOU3JscqD4cbgzo9ZA0BoZv26BQ0lC29or9Y3ndqDjvtptKP%2BFB6I6JQlazox5NGCd36KXRuW6yHUCWNpivkbA3zbbPp2OOHW%2BRCxvWVqbuJkvxExZ07d9DUKo6Ngd6jXMFKlPs3s1MIQxMP0ySv6rnG8oHUSK1n0E%2FZxd2H1mR8VP2lADYOIPGVmkrcWr%2F9gMhdEKhU3%2BDA2789u3%2FtrbmUrMYEOJkwf%2FBeuj1DSLPqVyMZ6t1QG64nX24F1euKoDhfPyfCsKYsb5%2Frn2BalAPNcrgpy7NJE5F055oZwi%2FEG3DNvv5vK1K30sYZNGSzznlWgjF3tFs3yC5Wz1F6zpFghdkIynUIssx5AzxU36x7tFN3WVuJ9o4KfiaRVZDRrO21wqAm%2FuNj%2BeMYtZZ6iyfVSx5I6xsHJLTWNq%2FabajFHgNLujRKVJwjQb4j6mQ6F%2BTAjtM1ng3fH%2B1czEAp5mxYbK%2FRFxQ%2BDHa2KcuRg8IglwFfIv%2BnNPCi9siqQfuWPynTXCa0MEdjo3uc%2Fw1YSzSVr0x2ZQNkKj%2BhfOUuVKSPQHDoO5XAmBa4WeFH1LMILUWUTVeLcJdrJKmCziUzkBfNHWwJfPSR6NXqlAuDKgU%2Fo1eamVusiW8MWZ4oM%2BIqhH3l20wrmoPnbJf60Z50ATdjBkxtHpUvxFbE4bvqNB8pNZPkwX%2FWhbLq1dWoBIzXSR%2BLTJA1Xjb4SrboML9yA9vU&pdp_filters=item_id%3AMLU666158820#polycard_client=search-desktop&is_advertising=true&searchVariation=MLU23027640&backend_model=search-backend&be_origin=backend&search_layout=stack&position=1&type=pad&tracking_id=ef0201e9-c701-4b01-9ce2-65de005f5b23&wid=MLU666158820&sid=search
2026-07-05,NEU-5868,neumatico,175/70R13,equivalente,Kit de 2 neumáticos Infinity EcoPioneer P 175/70 R13 82 T,107.98,USD,2,53.99,,2,https://click1.mercadolibre.com.uy/mclics/clicks/external/MLU/count?a=%2FEj%2F6bL8cyXdbKWsIyhA1Y3KA7Ik2jSdFtXc5coM3jBWdy8yLd7cVdSl7D7%2BlZlZyIF7Rpmo2jjYe2TUMFPhWLTbqMab5Owkz%2F66XXVya%2BVUftjDGC5Ks9b1LrDgO4kvLtKnkDxcbSc593IfVv7sQm%2FDNH3z1diURmw%2F6Dym2VrdATId6kHJAhoe3G5IzJgVQ93PhidSecEmmz%2BQir%2BvUo7JFCFfumI2qbTH0ZUc4ziXt8yvObapg7gcLt4JObgknsKUeui0jrKfkqKCAxpGP3AYh1y%2FR5BVogySTFLQAWxF4lQHmHNQ0odsBeSfy0l0gSyajmNLjZqlxUSvXfDDYO%2B27cexWZKCkmuSrShtIDXYO1VwONNtu6eyQTiZjpzibFvLk7utYelMwY22SZWQvSAK7n3x1gdcPM3OpaRJJUYeb5rhxZnMRgeQPJ5%2Fg3OLJquGObzhUA9XChsGue2v%2BhiSAuLr5iDEhy91g45kgoH40NVlvdwRdN1J%2BD12sN9HkNeR7uNldiv19rDi7dJup2YcI3aOFkfklcqB1HIGZ5D7S9prj8UQ08Rku1t8yoS5UzO7gi6hUyte73d%2F%2F3Atm%2F66SJWVufDMFJyfnwKmUodxVtnLPG9%2FMsebSMubJaKfp7I025HDXGUYEjWzc7ZQ8w7mDeWKi9L2NU2r4Br%2F2TKEG6NtuByc8c5yKEp2R3keSLTOZvoZj%2Fs6R%2FJ30zQaLflMUScnfC5SJnUth9U8nsFUezj2ns54QHoJGbiUTl9ZqEV%2B%2FFoNr7orwD4gJIgssAu4ktvymbT6gRIaGkP656U%2B0gZbmXQ8YTxZGbkztbsVZpTFzxdStOtVPjKU1ueAe2QgBvqMty4DIpVp3WUcXtsif9LG4O7fI6Lal0nLtcb1T1FRYRNH0v9XIvPCPL8CnuNOwUcPOOpjnTb9BzVDFspNQiRWqt8uF%2Bq0EML%2Ba%2FUv%2B10s2v4oxmTdFwECiWX1Ddp6fU93&pdp_filters=item_id%3AMLU664792138#polycard_client=search-desktop&is_advertising=true&searchVariation=MLU27907490&backend_model=search-backend&be_origin=backend&search_layout=stack&position=2&type=pad&tracking_id=ef0201e9-c701-4b01-9ce2-65de005f5b23&wid=MLU664792138&sid=search
2026-07-05,NEU-5868,neumatico,175/70R13,equivalente,Cubierta 175/70/13 X2 Habilead Practical Max H206 T82,91.98,USD,2,45.99,,3,https://click1.mercadolibre.com.uy/mclics/clicks/external/MLU/count?a=uRmo%2BW%2F%2Bjl50zUzCN%2FJ3HotoIuxwDZQymPxz6k%2BH7rGuDTlvRJ7hYQsKdwIgVPrr1FXYn0Pj9rtAYjwLMqBtiqKSKXCYLsuTDSnQ%2BI5zpNZH4NzQZFMxzdIFuubXHD%2Bx4QkzYndc9dimMxcDeeaoOMSNyAt0lYQ9Z%2FbfhQEsUMFlp8qrZY3N8wfq2ORhh1VW%2BOQ%2FOPOV4lbOmRWI0xnBtFNmK3w%2FFezrGtzViexBhPVSLJVKQnOqxZRDqQMN8D5lPxZwj3R6sy5m3nk4oyOeWfRtq9YXXlc73HBUsxvVllmu4xDp85JmewQVGnAMgT4ryCEbrRkDHYOcT6sUKy6Uc%2B2o7jfnHUxfSMehFoKf5mzST%2FjcSVhVnMmDWSJHxiSMhxngVKoaS51RpQBlQIPWqptTqhwSihDGW3M5qELVXIT89Dxkxtb3BMPeAyNsxNd3xPkuB2SEoTLXyTeHEidXc%2BUSQEQWMWZu3jy3I5fAt6JozPpSkl61cOFfBP8r9kncUfXIHSenRIgFOKImGkwYg%2BT94n2otfLzh4lSOsxXSgPzqtFX0ce8IYZE%2FxXiY%2Bpcy%2BA1w8xfMrzCplhP0FCdEKV7qeU5D4jXZ%2B24WDLZSiiW1FPqu7gkHwqAE8852k7XgJzjxX2E5y1FDrRouqdm%2BE9udmfEtMW7TtXPmZ2xn2NiU8KjvmiFghK%2BXz3G4E8WtEtoO0ocBgA%2FGsvTrWKx6xrRhfyinRCxMzM0AbZHcFcW5ZHYMdnCG%2F%2BtpmQPC6OKbOOH4GUDHL1wrPbHlg9j1N7GMOuJ%2FkG1zuYRj5GGBBgt2JLTlHghpCWhsIlV5DUmPzMaCyBzHcJvchr%2Fi5QE3sWjoQ89y8z6jH1daILuHvZEN%2FgoffvYusMD9C5j2JxACAeB%2BXgDEDoYbUpar12x8IgBIm2au8GBlzK4XDTUvS8y7k75FAXsdf5fcSo0PjeKUilu7qEz4woQCq07m0ZA13he3g%3D%3D&pdp_filters=item_id%3AMLU1347700762#polycard_client=search-desktop&is_advertising=true&searchVariation=MLU68829453&backend_model=search-backend&be_origin=backend&search_layout=stack&position=3&type=pad&tracking_id=ef0201e9-c701-4b01-9ce2-65de005f5b23&wid=MLU1347700762&sid=search
2026-07-05,NEU-5868,neumatico,175/70R13,equivalente,Kit 4 Neumáticos Atlas Green 175/70 R13/gtía Por Kilometraje,235.96,USD,4,58.99,,4,https://click1.mercadolibre.com.uy/mclics/clicks/external/MLU/count?a=JbURYyJTunt3hDoPPQ9Ahosi6IeXvTOFgZFcveb5K6GejkcVwJudzwi4c%2BSW0DEmV6yehtAj%2F3AGPBNAZ%2F5HJj52%2F3pLh6QrxoUI%2BujtdtKBb%2Fpxti2vsBt2mhqSA05dobYp4f%2BH8M6m8I6qeOskWrgWpy%2BblrVzRCRAFKxhAcsF9ONzkWQLT%2Fcu8M2%2FbJu2tSyNdZ8DryfdLJMbYBKkWgmKzC1YbLGEzHkHSYnvZ6iCVBeDD6QTmS6rKXKyScDPIUE6QyhMK1Xa8iGizT9YUtQCp3ICCIDt38WI%2FajuHyScXlyx12%2FlfgbHzySfSUw0xwRGk8Uvr89RdP8hnYNfd38a8b%2FT90YjaeDYPHRhPci%2BDa1vUhCKctUsI2dght%2F6H63dyJP6JkgmJZOUo3cdcTxUtxb8I4UZl6ATZddj%2BxWQuSFP26zY0oQowBIckWpytukfYY76LlN%2FitJBLEc8v8%2FvW8%2FB3M8u5ch18AWV7eExYdkGVG2t3NyMVbuTJ3wtaAmx9J7rUXAAaDVuQRYktkHK4kY1%2BCKMirP435Ii8cAWs6%2FJmu%2Fj3MJnSJi7KVvBqg%2F3rUpiWlOBnwu5ytTxTSFKi%2BKdW4np%2BK9gOaCV7mcIzyY1Hjm6BCPOIe2Ayyq5E8DjolAiyaDWiglvpAHJ5hROmesR9TnP7SooY4diN%2FiLn0vVRjOmKcygYsjtLsd2KB107hcfJF%2BaHWv4iGn4MsfuepbvCY%2BOm9IISWJEjEgg1BW5cgZ7HHAvWj33FlLReT%2BHnbtdVaiaGVgELw69AQ128WNopaDYMhRsnSG7PjgshiJCiHjTZZrAGorxEo6cZf6nF7%2B5ClEBkcH1dGXRLjJqY42v1n7Th1JIVQ3lHKftFqickLbec7plb5J9stuvr%2FrvRbQbAEvIUZKrEgiAr9Snlhhks%2BntDPo6MGDvsVeX5hwVIO4%2Fz8ZVV29DTC429nDGKWSO9CkwyGVPv4rqcm54wpLMlMbNgx4%3D&pdp_filters=item_id%3AMLU1299595780#polycard_client=search-desktop&is_advertising=true&searchVariation=MLU67836323&backend_model=search-backend&be_origin=backend&search_layout=stack&position=4&type=pad&tracking_id=ef0201e9-c701-4b01-9ce2-65de005f5b23&wid=MLU1299595780&sid=search
2026-07-05,NEU-5868,neumatico,175/70R13,equivalente,Kit 4 Neumaticos 175/70 R13 Winrun - Cubiertas,6300.0,UYU,4,1575.0,,5,https://www.mercadolibre.com.uy/kit-4-neumaticos-17570-r13-winrun-cubiertas/p/MLU36076989#polycard_client=search-desktop&be_origin=backend&search_layout=stack&position=5&type=product&tracking_id=ef0201e9-c701-4b01-9ce2-65de005f5b23&wid=MLU1337169664&sid=search
2026-07-05,NEU-5868,neumatico,175/70R13,equivalente,Kit de 4 neumáticos Bartl A609 P 175/70R13 82 T,6300.0,UYU,4,1575.0,,6,https://www.mercadolibre.com.uy/kit-de-4-neumaticos-bartl-a609-p-17570r13-82-t/p/MLU27927303#polycard_client=search-desktop&be_origin=backend&search_layout=stack&position=6&type=product&tracking_id=ef0201e9-c701-4b01-9ce2-65de005f5b23&wid=MLU665071532&sid=search
2026-07-05,NEU-5868,neumatico,175/70R13,equivalente,Kit de 2 neumáticos Infinity EcoPioneer P 175/70 R13 82 T,107.98,USD,2,53.99,,7,https://www.mercadolibre.com.uy/kit-de-2-neumaticos-infinity-ecopioneer-p-17570-r13-82-t/p/MLU27907490#polycard_client=search-desktop&be_origin=backend&search_layout=stack&position=7&type=product&tracking_id=ef0201e9-c701-4b01-9ce2-65de005f5b23&wid=MLU664792138&sid=search
2026-07-05,NEU-5868,neumatico,175/70R13,equivalente,Cubierta 175/70/13 Bartl X2 Neumáticos,3316.0,UYU,2,1658.0,,8,https://www.mercadolibre.com.uy/cubierta-1757013-bartl-x2-neumaticos/p/MLU27927302#polycard_client=search-desktop&be_origin=backend&search_layout=stack&position=8&type=product&tracking_id=ef0201e9-c701-4b01-9ce2-65de005f5b23&wid=MLU665071522&sid=search
2026-07-05,NEU-5868,neumatico,175/70R13,equivalente,Neumático Infinity Ecopioneer P 175/70 R13 82 T,53.99,USD,1,53.99,,9,https://www.mercadolibre.com.uy/neumatico-infinity-ecopioneer-p-17570-r13-82-t/p/MLU19745964#polycard_client=search-desktop&be_origin=backend&search_layout=stack&position=9&type=product&tracking_id=ef0201e9-c701-4b01-9ce2-65de005f5b23&wid=MLU623261248&sid=search
2026-07-05,NEU-5868,neumatico,175/70R13,equivalente,Kit de 2 Neumáticos 175/70 R13 82T Soriano,3316.0,UYU,2,1658.0,,10,https://www.mercadolibre.com.uy/kit-de-2-neumaticos-17570-r13-82t-soriano/p/MLU28541468#polycard_client=search-desktop&be_origin=backend&search_layout=stack&position=10&type=product&tracking_id=ef0201e9-c701-4b01-9ce2-65de005f5b23&wid=MLU666187834&sid=search
2026-07-05,NEU-5868,neumatico,175/70R13,premium,Toyo Tires Nano Energy 3 175/70R13 Kit de 2 Neumáticos Radiales,146.0,USD,2,73.0,,11,https://www.mercadolibre.com.uy/toyo-tires-nano-energy-3-17570r13-kit-de-2-neumaticos-radiales/p/MLU27926538#polycard_client=search-desktop&be_origin=backend&search_layout=stack&position=11&type=product&tracking_id=ef0201e9-c701-4b01-9ce2-65de005f5b23&wid=MLU720007600&sid=search
2026-07-05,NEU-5868,neumatico,175/70R13,equivalente,Cubierta Ovation Vi-786 175/70 R13 Colocada ( Iso9001 ),53.99,USD,1,53.99,,12,https://www.mercadolibre.com.uy/cubierta-ovation-vi-786-17570-r13-colocada-iso9001-/p/MLU45947994#polycard_client=search-desktop&be_origin=backend&search_layout=stack&position=12&type=product&tracking_id=ef0201e9-c701-4b01-9ce2-65de005f5b23&wid=MLU798151450&sid=search
2026-07-05,NEU-5868,neumatico,175/70R13,equivalente,Neumático Cubierta 175/70r13 Linglong Comfort Master T,54.29,USD,1,54.29,,14,https://click1.mercadolibre.com.uy/mclics/clicks/external/MLU/count?a=zSMjkMYRTjAUR7leJFyCch4rhS%2Bv0HC%2Fy3Zui%2ByAyi7m4vh1xuxFlYr1NypuecmWAbY1gmnDjWMJ3TYw37Jl0p5VT37F09A4CYY767sYR2arakDXJaGXDkVl8PuDwGXuLn3KcE0%2F%2BD%2FxrIlN2tFo3O93jkJPw7SoC3g9NNzhsN0vWnOODYfM6hEPPm5htCUo4pkaVKfXauUCGP8bMfPiXIqnJLajP5W5yM43WvxU10%2F9u%2BFYh%2Fhy98swkWmpqaUTa1uGJGtLcspwSCbnvdcNeKs%2BZ6kq1NEPVdmeo2%2BRWIe5mRvWqCOW%2BIVqWsRyfKv4SjwzpJJPLnZxi0rq6XYhE7H%2BG3nKuUGrrjdJI4BHDKbswL5%2BEcv%2F22eaWss51lqRitOAIjBnQAZIa7OR3Go3pvrVSpfZWzOCFEe%2Bs25IkL2ImOe5dsw8pDqbtjOP8rtdKNd%2Fgo8xAYBoWje5cqDqIeDgwVSuK9FUGnRn62F2VEddLLnL1VshBa8QXxPkYroWbvlyZSh2OSshqXa%2FfPLneXCRD92wDcFGuktXYrybeWIXjOdro%2FEJB%2BswPsncATFsXWllHhCpXWJeugIRAnF8H0HArDEtSrtLkBeF%2BfjXJNtJnDeh0tS3J%2FbajO23weN%2BWDh8t639iu1VI0cOpmPz8PDsiayCu4mxlTkDSIjj98f%2Fa5CayF4g1YOErJdSQKQRJmcCqNMi0SBFkPUh1bH7cLZLGfteBQW11SGdtTpoPaFEUMpjJfuiaIBNS9rxvDAan0yTvCB8PaIyeg2Hpc6LGTPJ1h91TBztFVVo8KEGsC3CN143OCyi0Sq07b8qW8ROqgFosiVCIbyhECFz%2FJnx%2BOabpeKKIvxIu%2FsFy6rlqwRLSeJ2rFbzOtBo6yv2y%2Fm3zSUPjMQ%2F8fihep8YBTxc1N1bRRTnqVhULLwMULT5ijuuZD0kAPwvdgCBRRa7yn%2FfX4KnBFTyFNy9XjuKjJ5bfKeyGnmYlQ%3D%3D&pdp_filters=item_id%3AMLU1321192336#polycard_client=search-desktop&is_advertising=true&searchVariation=MLU68257084&backend_model=search-backend&be_origin=backend&search_layout=stack&position=14&type=pad&tracking_id=ef0201e9-c701-4b01-9ce2-65de005f5b23&wid=MLU1321192336&sid=search
2026-07-05,NEU-5868,neumatico,175/70R13,equivalente,Neumático Torque TQ021 175/70R13 Radial HT 13 pulgadas,53.99,USD,1,53.99,,15,https://www.mercadolibre.com.uy/neumatico-torque-tq021-17570r13-radial-ht-13-pulgadas/p/MLU34373473#polycard_client=search-desktop&be_origin=backend&search_layout=stack&position=15&type=product&tracking_id=ef0201e9-c701-4b01-9ce2-65de005f5b23&wid=MLU674309846&sid=search
2026-07-05,NEU-5868,neumatico,175/70R13,equivalente,Kit 4 Neumáticos Atlas Green 175/70 R13/gtía Por Kilometraje,235.96,USD,4,58.99,,16,https://www.mercadolibre.com.uy/kit-4-neumaticos-atlas-green-17570-r13gtia-por-kilometraje/p/MLU67836323#polycard_client=search-desktop&be_origin=backend&search_layout=stack&position=16&type=product&tracking_id=ef0201e9-c701-4b01-9ce2-65de005f5b23&wid=MLU1299595780&sid=search
2026-07-05,NEU-5868,neumatico,175/70R13,premium,Kit de 4 neumáticos Goodyear Kelly Edge Touring 2 P 175/70R13 82 T,316.0,USD,4,79.0,,17,https://www.mercadolibre.com.uy/kit-de-4-neumaticos-goodyear-kelly-edge-touring-2-p-17570r13-82-t/p/MLU34078617#polycard_client=search-desktop&be_origin=backend&search_layout=stack&position=17&type=product&tracking_id=ef0201e9-c701-4b01-9ce2-65de005f5b23&wid=MLU669878018&sid=search
2026-07-05,NEU-5868,neumatico,175/70R13,equivalente,Cubierta 175/70/13 Bartl Neumáticos,1658.0,UYU,1,1658.0,,18,https://www.mercadolibre.com.uy/cubierta-1757013-bartl-neumaticos/p/MLU19795241#polycard_client=search-desktop&be_origin=backend&search_layout=stack&position=18&type=product&tracking_id=ef0201e9-c701-4b01-9ce2-65de005f5b23&wid=MLU629817729&sid=search
2026-07-05,NEU-5868,neumatico,175/70R13,equivalente,Cubierta 175/70/13 X2 Habilead Practical Max H206 T82,91.98,USD,2,45.99,,19,https://www.mercadolibre.com.uy/cubierta-1757013-x2-habilead-practical-max-h206-t82/p/MLU68829453#polycard_client=search-desktop&be_origin=backend&search_layout=stack&position=19&type=product&tracking_id=ef0201e9-c701-4b01-9ce2-65de005f5b23&wid=MLU1347700762&sid=search
2026-07-05,NEU-5868,neumatico,175/70R13,premium,Cubierta Gt Radial Champiro Vp1 175/70 R13 1ud,68.37,USD,1,68.37,,20,https://www.mercadolibre.com.uy/cubierta-gt-radial-champiro-vp1-17570-r13-1ud/p/MLU47721796#polycard_client=search-desktop&be_origin=backend&search_layout=stack&position=20&type=product&tracking_id=ef0201e9-c701-4b01-9ce2-65de005f5b23&wid=MLU796888502&sid=search
2026-07-05,NEU-5868,neumatico,175/70R13,equivalente,Neumatico 175/70 R13 Winrun - Cubierta,1658.0,UYU,1,1658.0,,21,https://www.mercadolibre.com.uy/neumatico-17570-r13-winrun-cubierta/p/MLU23027640#polycard_client=search-desktop&be_origin=backend&search_layout=stack&position=21&type=product&tracking_id=ef0201e9-c701-4b01-9ce2-65de005f5b23&wid=MLU666158820&sid=search
2026-07-05,NEU-5868,neumatico,175/70R13,premium,Neumáticos Toyo Tires Nano Energy 3 175/70R13 82T Kit 4 Unidades Radial HT,292.0,USD,4,73.0,,22,https://www.mercadolibre.com.uy/neumaticos-toyo-tires-nano-energy-3-17570r13-82t-kit-4-unidades-radial-ht/p/MLU27926539#polycard_client=search-desktop&be_origin=backend&search_layout=stack&position=22&type=product&tracking_id=ef0201e9-c701-4b01-9ce2-65de005f5b23&wid=MLU719905238&sid=search
2026-07-05,NEU-5868,neumatico,175/70R13,equivalente,Neumático Infinity Ecopioneer P 175/70 R13 82 T,53.99,USD,1,53.99,,23,https://click1.mercadolibre.com.uy/mclics/clicks/external/MLU/count?a=5esM90uyknJa1Ydbq7QLnKKMlwDpoWKxXn80ZvGnAE%2Bcp%2FQPE%2FjWh%2BRGpNgJwJjv5AaLMXJtsgK6Tue01%2BU9HfV77Eywfe2Ofj9o7m2atqYDGSHyJ0fh9Gub9JlgOf3T0ztfjAb9hV4o8r52BhZ7AQOY%2BE4uIgQOVmxnM3py%2Fu51fBo%2BUsU64darrFYFyCoE%2FrAjmtqBscFzUk79ipOaUgKq2Uf6546Dn4NImyVGLaCo7WhNo7tnFcAYaaaKov%2FwGJB3o9mrooB%2FtOYOpRbox9MnKkxc1FCqDpI%2FpWdSp0jauRsxt3Gn9RAcOY4pZxE9P99gax7W1p8hnj2%2BYzIz%2FS0HuDatxc9Gz7ixc4ioNEvGGd0BTI3%2Fb3SYXKlK2K2MJ3ebcZfp3RUqKpy4xbC%2FODc0uaJDsU5X%2FX30TS3Do%2B2oyIqpW9EBdLD6F26zGmP1Wyf6Qu4qIzqb6m%2FB1%2B44RTl2bMu9wl%2F%2FQy9STKuByY66rZsSIEMcOP8ALH8tZB2ilBIrX5sPOd8M1hSzIEBxrXA%2BZPA7H8IWnvso6CyMA7rh%2BS6EDPw5fETg3fuyiVuyjSZnd1fL8TTF9gTugh7vgdB3%2B0FpvG%2FZbyTc94BMkIASHsb9536bmCWAzyYTIlJ5SAUMV%2Bfl4pO3cRipu5NZPFogkDMhdy6qrt7AvAA%2B9wcqcetm2YrzvoeM7LXb%2BAtRX%2Bb%2BIx8kz4w5Vzy7mV3Zf0bb2qt8tw%2BG27J%2Ft%2BIwGjUWXbnxGdbQgiPJJcKmnEo5PXE8fA%2BYv4D3b79yVUOCZmfO2%2FN67BKEBTlY0KXlllophCgHD6sEsp60S%2B2qYTsxeyig4aSRbUCWBaDn4%2BkMf%2Bls30fOvD10Gr%2Fvg2V%2Fp25LeEwi2BaXo59QL0TMTZlsOrYcucKAjCh9HmBMN4nu0ocrVqxjwJnoLFKqwUIZ4e7xHI5q0VYChDXgYdMyGgV3dbKYULIS%2F0xcbpYD&pdp_filters=item_id%3AMLU623261248#polycard_client=search-desktop&is_advertising=true&searchVariation=MLU19745964&backend_model=search-backend&be_origin=backend&search_layout=stack&position=23&type=pad&tracking_id=ef0201e9-c701-4b01-9ce2-65de005f5b23&wid=MLU623261248&sid=search
2026-07-05,NEU-5868,neumatico,175/70R13,equivalente,Kit 4 Neumaticos 175/70 R13 Winrun - Cubiertas,6300.0,UYU,4,1575.0,,24,https://click1.mercadolibre.com.uy/mclics/clicks/external/MLU/count?a=8zwv8TKN7nsMvYEeg%2BU2HVQ6YMEg61b%2FxeVp04HHV0v8R2kfehrftNwl0X0HWQ6rCqJRMpkVPw1IIPFAD5c1zyf41Nw3TsY2UvBSEUljg7%2FkaSplddzg4O9ymAxL6MSfHwQCt5USXTlRxRwqMtWivTJjYdVkPwJKvQrNpvregz9sHsVpJbiqQ9Jl%2BGQdNgLo8cYMrlRk%2BiRFYuGEtL0eJ1GIZsv6NYu22KAkNluOmiNnVQnY9Q8LtyQhG5IeFSg7YPfcFQ3M9y4AZN82u8t6DozgYo1VAhuB4VNRyGMZ%2BiZ3qm9Z65sLrW2Mj8ChRqIvKR3eGySdi0mZpASnv4%2BPufaAOayrYMhSMTS10hlM17Zv1gr626IQkxGNn5UHxo5P2504vLLGkQAKkhlPUHL1QbggO22eQOJhn6WTZ9HO3e0BW6h4Qea7%2BpjAeFW90CgSptv622sVdJan04Ir3uw7bBrAFWpMquJWShc7dAM3uP%2BcliHfcXVCNM9zNZznO1Xp6xdARb9m%2FdWlwUVYzKZ5nJSzOZ9CzwwNuaAVgmejVp5fefRSZzPJkHB%2Fq9uA1Hq6JIwhXoLmhgrqUHY6K0eT9iNQIGlAwBtR4Ecd0W8NCJQhLmMTdcfRhqyju71MlCyMukLzen2Z7k89OVu6TJV9DsoKr9GtHQ2GB9Re59jWXdwWPhNb9uuBJSP%2FfrziFz176YpKQqWmPxHPWKBEAGIqXkotA2zJgjmNqNBNvpiteN26R9SuUgO9UTAR8B4%2Be7%2Bsmj3Nq%2BLqx1Brota4eiqRYxvFQquscsnjgQT80HHjjCLXs9NdYg7eavtk4VEScvpXIMLhW673LHN2TMRPQD3IUvQnorGwrtd5XexueKQDgVGRcI2iLand9PnmXGk2vtdkUYEKieLga%2B6kHqfAQoHtyum%2Fkchs9XAI1XNLZvGyVXmSTRnJnR3uUTawEGpLCmFyD2BbahrzLzp2xh27&pdp_filters=item_id%3AMLU1337169664#polycard_client=search-desktop&is_advertising=true&searchVariation=MLU36076989&backend_model=search-backend&be_origin=backend&search_layout=stack&position=24&type=pad&tracking_id=ef0201e9-c701-4b01-9ce2-65de005f5b23&wid=MLU1337169664&sid=search
2026-07-05,NEU-5868,neumatico,175/70R13,equivalente,4 Cubiertas Soriano 175/70 R13 Índice De Velocidad T,6632.0,UYU,1,6632.0,,25,https://www.mercadolibre.com.uy/4-cubiertas-soriano-17570-r13-indice-de-velocidad-t/p/MLU35207817#polycard_client=search-desktop&be_origin=backend&search_layout=stack&position=25&type=product&tracking_id=ef0201e9-c701-4b01-9ce2-65de005f5b23&wid=MLU705277902&sid=search
2026-07-05,NEU-5868,neumatico,175/70R13,equivalente,Kit de 4 neumáticos Infinity EcoPioneer P 175/70 R13 82 T,215.96,USD,4,53.99,,26,https://www.mercadolibre.com.uy/kit-de-4-neumaticos-infinity-ecopioneer-p-17570-r13-82-t/p/MLU27907491#polycard_client=search-desktop&be_origin=backend&search_layout=stack&position=26&type=product&tracking_id=ef0201e9-c701-4b01-9ce2-65de005f5b23&wid=MLU665498874&sid=search
2026-07-05,NEU-5868,neumatico,175/70R13,premium,4 Neumáticos Goodyear 175/70 R13 Assurance Maxlife Índice de velocidad T,396.0,USD,1,396.0,,27,https://www.mercadolibre.com.uy/4-neumaticos-goodyear-17570-r13-assurance-maxlife-indice-de-velocidad-t/p/MLU27933699#polycard_client=search-desktop&be_origin=backend&search_layout=stack&position=27&type=product&tracking_id=ef0201e9-c701-4b01-9ce2-65de005f5b23&wid=MLU666255052&sid=search
2026-07-05,NEU-5868,neumatico,175/70R13,premium,2 Neumáticos Goodyear 175/70 R13 Assurance Maxlife Índice de velocidad T,198.0,USD,1,198.0,,28,https://www.mercadolibre.com.uy/2-neumaticos-goodyear-17570-r13-assurance-maxlife-indice-de-velocidad-t/p/MLU27933698#polycard_client=search-desktop&be_origin=backend&search_layout=stack&position=28&type=product&tracking_id=ef0201e9-c701-4b01-9ce2-65de005f5b23&wid=MLU666255198&sid=search
2026-07-05,NEU-5868,neumatico,175/70R13,premium,Neumático Toyo Tires Nano Energy 3 175/70R13 Auto Camioneta,73.0,USD,1,73.0,,29,https://www.mercadolibre.com.uy/neumatico-toyo-tires-nano-energy-3-17570r13-auto-camioneta/p/MLU18052686#polycard_client=search-desktop&be_origin=backend&search_layout=stack&position=29&type=product&tracking_id=ef0201e9-c701-4b01-9ce2-65de005f5b23&wid=MLU666094762&sid=search
2026-07-05,NEU-5868,neumatico,175/70R13,premium,2 Cubiertas Goodyear 175/70 R13 Kelly Edge Touring 2 Índice de velocidad T,158.0,USD,1,158.0,,30,https://www.mercadolibre.com.uy/2-cubiertas-goodyear-17570-r13-kelly-edge-touring-2-indice-de-velocidad-t/p/MLU34078616#polycard_client=search-desktop&be_origin=backend&search_layout=stack&position=30&type=product&tracking_id=ef0201e9-c701-4b01-9ce2-65de005f5b23&wid=MLU635992077&sid=search
